<?xml version="1.0" encoding="UTF-8"?>
<urn:CibaServerPolicy defaultRequestHandlingPolicyId="pingaccessCIBARequestPolicy" xmlns:urn="urn:pingidentity.com:pf:openid:ciba">
    <urn:CibaRequestHandlingPolicy id="pingaccessCIBARequestPolicy" name="PingAccess CIBA Request Policy" pluginId="pingIDSDKCibaAuthenticator" transactionLifeInSeconds="120" allowUnsignedLoginHintToken="true" requireHintToken="false" userCodePcvId="pingdirectory">
        <urn:EnhanceRequestHintContractMapping>
            <urn1:AttributeMap Name="IDENTITY_HINT_SUBJECT" Type="Expression" Value="#this.get(&quot;IDENTITY_HINT_SUBJECT&quot;).toString().replaceAll(&quot;\&quot;&quot;,&quot;&quot;)" xmlns:urn1="urn:sourceid.org:saml2:metadata-extension:v2"/>
            <urn1:TokenAuthorizationIssuanceCriteria xmlns:urn1="urn:sourceid.org:saml2:metadata-extension:v2"/>
        </urn:EnhanceRequestHintContractMapping>
        <urn:HintContractToOOBAuthPluginMapping>
            <urn1:AttributeMap Name="USER_CODE_USER_NAME" Type="Request" Value="IDENTITY_HINT_SUBJECT" xmlns:urn1="urn:sourceid.org:saml2:metadata-extension:v2"/>
            <urn1:AttributeMap Name="USER_KEY" Type="Request" Value="IDENTITY_HINT_SUBJECT" xmlns:urn1="urn:sourceid.org:saml2:metadata-extension:v2"/>
            <urn1:AttributeMap Name="username" Type="Request" Value="IDENTITY_HINT_SUBJECT" xmlns:urn1="urn:sourceid.org:saml2:metadata-extension:v2"/>
            <urn1:TokenAuthorizationIssuanceCriteria xmlns:urn1="urn:sourceid.org:saml2:metadata-extension:v2"/>
        </urn:HintContractToOOBAuthPluginMapping>
    </urn:CibaRequestHandlingPolicy>
</urn:CibaServerPolicy>