<?xml version="1.0" encoding="UTF-8"?>
<urn:OAuthConfig enableOAuth="true" authzCodeLength="30" authzCodeTimeout="60" rollRefreshTokens="false" rollingInterval="0" refreshTokenLength="42" atmIdForOAuthGrantManagement="" scopeForOAuthGrantManagement="" globalPersistentGrantExpirationTime="-1" globalPersistentGrantExpirationTimeUnit="d" globalPersistentGrantIdleTimeout="30" globalPersistentGrantIdleTimeoutTimeUnit="d" tokenEndpointBaseUrl="" userAuthzUrl="" registeredAuthzPath="" pendingAuthzTimeout="600" bypassActivationCodeConfirmation="false" devicePollingInterval="5" authzConsentSetting="INTERNAL" xmlns:urn="urn:pingidentity.com:pf:oauth:conf">
    <urn:UserKeyToAccessTokenMapping contextId="password|pingdirectory" tokenManagerId="jwt">
        <urn1:AttributeMap Name="uid" Type="Password Credential Validator" Value="pcv.username" xmlns:urn1="urn:sourceid.org:saml2:metadata-extension:v2"/>
        <urn1:AttributeMap Name="Username" Type="Password Credential Validator" Value="pcv.mail" xmlns:urn1="urn:sourceid.org:saml2:metadata-extension:v2"/>
        <urn1:AttributeMap Name="OrgName" Type="Text" Value="PingIdentity" xmlns:urn1="urn:sourceid.org:saml2:metadata-extension:v2"/>
        <urn1:AttributeMap Name="cnf" Type="Expression" Value="#THUMBPRINT_HEADER=&quot;X-CertificateThumbprint&quot;,  #objReq = #this.get(&quot;context.HttpRequest&quot;).getObjectValue(),  #headerValue = #objReq.getHeader(#THUMBPRINT_HEADER) != null ? #objReq.getHeader(#THUMBPRINT_HEADER) : null,  #mapValue = new java.util.HashMap(),  (#headerValue != null)?#mapValue.put(&quot;x5t#S256&quot;, #headerValue):null,  #mapValue" xmlns:urn1="urn:sourceid.org:saml2:metadata-extension:v2"/>
        <urn1:TokenAuthorizationIssuanceCriteria xmlns:urn1="urn:sourceid.org:saml2:metadata-extension:v2"/>
    </urn:UserKeyToAccessTokenMapping>
    <urn:UserKeyToAccessTokenMapping contextId="default" tokenManagerId="jwt">
        <urn1:AttributeMap Name="uid" Type="Persistent Grant" Value="USER_KEY" xmlns:urn1="urn:sourceid.org:saml2:metadata-extension:v2"/>
        <urn1:AttributeMap Name="Username" Type="Persistent Grant" Value="USER_KEY" xmlns:urn1="urn:sourceid.org:saml2:metadata-extension:v2"/>
        <urn1:AttributeMap Name="OrgName" Type="No Mapping" Value="NO_MAPPING" xmlns:urn1="urn:sourceid.org:saml2:metadata-extension:v2"/>
        <urn1:AttributeMap Name="cnf" Type="Expression" Value="#THUMBPRINT_HEADER=&quot;X-CertificateThumbprint&quot;,  #objReq = #this.get(&quot;context.HttpRequest&quot;).getObjectValue(),  #headerValue = #objReq.getHeader(#THUMBPRINT_HEADER) != null ? #objReq.getHeader(#THUMBPRINT_HEADER) : null,  #mapValue = new java.util.HashMap(),  (#headerValue != null)?#mapValue.put(&quot;x5t#S256&quot;, #headerValue):null,  #mapValue" xmlns:urn1="urn:sourceid.org:saml2:metadata-extension:v2"/>
        <urn1:TokenAuthorizationIssuanceCriteria xmlns:urn1="urn:sourceid.org:saml2:metadata-extension:v2"/>
    </urn:UserKeyToAccessTokenMapping>
    <urn:UserKeyToAccessTokenMapping contextId="authz_req|apc.Zxp6N6W5PH9onACT" tokenManagerId="jwt">
        <urn1:AttributeMap Name="uid" Type="Authentication Policy Contract" Value="apc.username" xmlns:urn1="urn:sourceid.org:saml2:metadata-extension:v2"/>
        <urn1:AttributeMap Name="Username" Type="Authentication Policy Contract" Value="apc.subject" xmlns:urn1="urn:sourceid.org:saml2:metadata-extension:v2"/>
        <urn1:AttributeMap Name="OrgName" Type="Text" Value="PingIdentity" xmlns:urn1="urn:sourceid.org:saml2:metadata-extension:v2"/>
        <urn1:AttributeMap Name="cnf" Type="Expression" Value="#THUMBPRINT_HEADER=&quot;X-CertificateThumbprint&quot;,  #objReq = #this.get(&quot;context.HttpRequest&quot;).getObjectValue(),  #headerValue = #objReq.getHeader(#THUMBPRINT_HEADER) != null ? #objReq.getHeader(#THUMBPRINT_HEADER) : null,  #mapValue = new java.util.HashMap(),  (#headerValue != null)?#mapValue.put(&quot;x5t#S256&quot;, #headerValue):null,  #mapValue" xmlns:urn1="urn:sourceid.org:saml2:metadata-extension:v2"/>
        <urn1:TokenAuthorizationIssuanceCriteria xmlns:urn1="urn:sourceid.org:saml2:metadata-extension:v2"/>
    </urn:UserKeyToAccessTokenMapping>
    <urn:PasswordCredentialValidatorToUserKeyMapping sourcePluginId="pingdirectory">
        <urn1:AttributeMap Name="USER_KEY" Type="Password Credential Validator" Value="mail" xmlns:urn1="urn:sourceid.org:saml2:metadata-extension:v2"/>
        <urn1:TokenAuthorizationIssuanceCriteria xmlns:urn1="urn:sourceid.org:saml2:metadata-extension:v2"/>
    </urn:PasswordCredentialValidatorToUserKeyMapping>
    <urn:ApcToUserKeyMapping sourcePluginId="Zxp6N6W5PH9onACT">
        <urn1:AttributeMap Name="USER_NAME" Type="Authentication Policy Contract" Value="subject" xmlns:urn1="urn:sourceid.org:saml2:metadata-extension:v2"/>
        <urn1:AttributeMap Name="USER_KEY" Type="Authentication Policy Contract" Value="subject" xmlns:urn1="urn:sourceid.org:saml2:metadata-extension:v2"/>
        <urn1:TokenAuthorizationIssuanceCriteria xmlns:urn1="urn:sourceid.org:saml2:metadata-extension:v2"/>
    </urn:ApcToUserKeyMapping>
    <urn:ReuseExistingPersistentGrantForGrant>implicit</urn:ReuseExistingPersistentGrantForGrant>
</urn:OAuthConfig>