<?xml version="1.0" encoding="UTF-8"?>
<urn:OpenIdConnectProviderPolicy enabled="true" defaultPolicyGroupId="OAuthPlayground" trackUserSessionsForLogout="false" xmlns:urn="urn:pingidentity.com:pf:openid:connect:idp:policy">
    <urn:ProviderPolicyGroup policyId="OAuthPlayground" idTokenLife="5" includeSriInIdToken="false" includeUserInfoInIdToken="false" includeSHashInIdToken="false" returnIdTokenOnRefreshGrant="false" policyName="OAuthPlayground" accessTokenManagerId="jwt">
        <urn:UserInfoMapping>
            <urn1:AttributeMap Name="sub" Type="Token" Value="Username" xmlns:urn1="urn:sourceid.org:saml2:metadata-extension:v2"/>
            <urn1:AttributeMap Name="zoneinfo" Type="Text" Value="America/New_York" xmlns:urn1="urn:sourceid.org:saml2:metadata-extension:v2"/>
            <urn1:AttributeMap Name="address.locality" Type="Text" Value="Smallville" xmlns:urn1="urn:sourceid.org:saml2:metadata-extension:v2"/>
            <urn1:AttributeMap Name="birthdate" Type="Text" Value="1977-12-31" xmlns:urn1="urn:sourceid.org:saml2:metadata-extension:v2"/>
            <urn1:AttributeMap Name="gender" Type="Text" Value="female" xmlns:urn1="urn:sourceid.org:saml2:metadata-extension:v2"/>
            <urn1:AttributeMap Name="preferred_username" Type="Token" Value="uid" xmlns:urn1="urn:sourceid.org:saml2:metadata-extension:v2"/>
            <urn1:AttributeMap Name="locale" Type="Text" Value="en_US" xmlns:urn1="urn:sourceid.org:saml2:metadata-extension:v2"/>
            <urn1:AttributeMap Name="address.country" Type="Text" Value="USA" xmlns:urn1="urn:sourceid.org:saml2:metadata-extension:v2"/>
            <urn1:AttributeMap Name="payment_limit" Type="LDAP" AttributeSourceId="ldap" Value="l" xmlns:urn1="urn:sourceid.org:saml2:metadata-extension:v2"/>
            <urn1:AttributeMap Name="updated_at" Type="Text" Value="2011-01-03T23:58:42+0000" xmlns:urn1="urn:sourceid.org:saml2:metadata-extension:v2"/>
            <urn1:AttributeMap Name="address.postal_code" Type="Text" Value="11223" xmlns:urn1="urn:sourceid.org:saml2:metadata-extension:v2"/>
            <urn1:AttributeMap Name="address.region" Type="Text" Value="ME" xmlns:urn1="urn:sourceid.org:saml2:metadata-extension:v2"/>
            <urn1:AttributeMap Name="nickname" Type="Text" Value="Name" xmlns:urn1="urn:sourceid.org:saml2:metadata-extension:v2"/>
            <urn1:AttributeMap Name="email" Type="Text" Value="auser@example.com" xmlns:urn1="urn:sourceid.org:saml2:metadata-extension:v2"/>
            <urn1:AttributeMap Name="website" Type="Text" Value="https://www.pingidentity.com/" xmlns:urn1="urn:sourceid.org:saml2:metadata-extension:v2"/>
            <urn1:AttributeMap Name="email_verified" Type="Text" Value="true" xmlns:urn1="urn:sourceid.org:saml2:metadata-extension:v2"/>
            <urn1:AttributeMap Name="profile" Type="Text" Value="https://www.pingidentity.com/products/pingfederate/" xmlns:urn1="urn:sourceid.org:saml2:metadata-extension:v2"/>
            <urn1:AttributeMap Name="phone_number_verified" Type="Text" Value="true" xmlns:urn1="urn:sourceid.org:saml2:metadata-extension:v2"/>
            <urn1:AttributeMap Name="given_name" Type="LDAP" AttributeSourceId="ldap" Value="givenName" xmlns:urn1="urn:sourceid.org:saml2:metadata-extension:v2"/>
            <urn1:AttributeMap Name="middle_name" Type="Text" Value="Good" xmlns:urn1="urn:sourceid.org:saml2:metadata-extension:v2"/>
            <urn1:AttributeMap Name="picture" Type="Text" Value="https://www.pingidentity.com/images/ping-logo.png" xmlns:urn1="urn:sourceid.org:saml2:metadata-extension:v2"/>
            <urn1:AttributeMap Name="payment_mfa_threshold" Type="LDAP" AttributeSourceId="ldap" Value="o" xmlns:urn1="urn:sourceid.org:saml2:metadata-extension:v2"/>
            <urn1:AttributeMap Name="name" Type="Text" Value="Mary Good Sample" xmlns:urn1="urn:sourceid.org:saml2:metadata-extension:v2"/>
            <urn1:AttributeMap Name="phone_number" Type="Text" Value="(555) 555-5555" xmlns:urn1="urn:sourceid.org:saml2:metadata-extension:v2"/>
            <urn1:AttributeMap Name="address.formatted" Type="Text" Value="123 Main Street, Smallville, ME USA 11223" xmlns:urn1="urn:sourceid.org:saml2:metadata-extension:v2"/>
            <urn1:AttributeMap Name="family_name" Type="Text" Value="Sample" xmlns:urn1="urn:sourceid.org:saml2:metadata-extension:v2"/>
            <urn1:AttributeMap Name="address.street_address" Type="Text" Value="123 Main Street" xmlns:urn1="urn:sourceid.org:saml2:metadata-extension:v2"/>
            <urn1:AttributeSource Id="ldap" Description="ldap" Type="LDAP" DataSourceId="LDAP-D803C87FAB2ADFB4B0A947B64BA6F0C6093A5CA3" xmlns:urn1="urn:sourceid.org:saml2:metadata-extension:v2">
                <urn1:Parameter Name="filter" Value="entryUUID=${Username}"/>
                <urn1:Parameter Name="search_base" Value="ou=People,dc=example,dc=com"/>
                <urn1:Parameter Name="search_scope" Value="SUBTREE_SCOPE"/>
                <urn1:Parameter Name="memberof_nested_group" Value="false"/>
            </urn1:AttributeSource>
            <urn1:TokenAuthorizationIssuanceCriteria xmlns:urn1="urn:sourceid.org:saml2:metadata-extension:v2"/>
        </urn:UserInfoMapping>
        <urn:scopeAttributesMap/>
        <urn:attributeContractInclusionMap/>
    </urn:ProviderPolicyGroup>
    <urn:ProviderPolicyGroup policyId="pingaccess" idTokenLife="5" includeSriInIdToken="true" includeUserInfoInIdToken="true" includeSHashInIdToken="false" returnIdTokenOnRefreshGrant="false" policyName="pingaccess" accessTokenManagerId="jwt">
        <urn:UserInfoMapping>
            <urn1:AttributeMap Name="country" Type="Text" Value="AU" xmlns:urn1="urn:sourceid.org:saml2:metadata-extension:v2"/>
            <urn1:AttributeMap Name="lastName" Type="LDAP" AttributeSourceId="ldap" Value="sn" xmlns:urn1="urn:sourceid.org:saml2:metadata-extension:v2"/>
            <urn1:AttributeMap Name="sub" Type="Token" Value="Username" xmlns:urn1="urn:sourceid.org:saml2:metadata-extension:v2"/>
            <urn1:AttributeMap Name="p2" Type="Text" Value="AC1234" xmlns:urn1="urn:sourceid.org:saml2:metadata-extension:v2"/>
            <urn1:AttributeMap Name="town" Type="Text" Value="Melbourne" xmlns:urn1="urn:sourceid.org:saml2:metadata-extension:v2"/>
            <urn1:AttributeMap Name="newattribute" Type="Text" Value="this is my new attr" xmlns:urn1="urn:sourceid.org:saml2:metadata-extension:v2"/>
            <urn1:AttributeMap Name="givenName" Type="LDAP" AttributeSourceId="ldap" Value="givenName" xmlns:urn1="urn:sourceid.org:saml2:metadata-extension:v2"/>
            <urn1:AttributeMap Name="postcode" Type="Text" Value="3000" xmlns:urn1="urn:sourceid.org:saml2:metadata-extension:v2"/>
            <urn1:AttributeMap Name="custNum" Type="Text" Value="C0001234" xmlns:urn1="urn:sourceid.org:saml2:metadata-extension:v2"/>
            <urn1:AttributeMap Name="title" Type="Text" Value="Mr" xmlns:urn1="urn:sourceid.org:saml2:metadata-extension:v2"/>
            <urn1:AttributeMap Name="myverynewclaim" Type="Text" Value="helloworld123" xmlns:urn1="urn:sourceid.org:saml2:metadata-extension:v2"/>
            <urn1:AttributeMap Name="payment_mfa_threshold" Type="LDAP" AttributeSourceId="ldap" Value="o" xmlns:urn1="urn:sourceid.org:saml2:metadata-extension:v2"/>
            <urn1:AttributeMap Name="payment_limit" Type="LDAP" AttributeSourceId="ldap" Value="l" xmlns:urn1="urn:sourceid.org:saml2:metadata-extension:v2"/>
            <urn1:AttributeMap Name="streetAddress" Type="Text" Value="101 Collins St" xmlns:urn1="urn:sourceid.org:saml2:metadata-extension:v2"/>
            <urn1:AttributeMap Name="terminalBSB" Type="Text" Value="801-456" xmlns:urn1="urn:sourceid.org:saml2:metadata-extension:v2"/>
            <urn1:AttributeMap Name="dob" Type="Text" Value="01/01/1981" xmlns:urn1="urn:sourceid.org:saml2:metadata-extension:v2"/>
            <urn1:AttributeMap Name="hello" Type="Text" Value="world" xmlns:urn1="urn:sourceid.org:saml2:metadata-extension:v2"/>
            <urn1:AttributeMap Name="state" Type="Text" Value="VIC" xmlns:urn1="urn:sourceid.org:saml2:metadata-extension:v2"/>
            <urn1:AttributeMap Name="username" Type="Token" Value="uid" xmlns:urn1="urn:sourceid.org:saml2:metadata-extension:v2"/>
            <urn1:AttributeSource Id="ldap" Description="ldap" Type="LDAP" DataSourceId="LDAP-D803C87FAB2ADFB4B0A947B64BA6F0C6093A5CA3" xmlns:urn1="urn:sourceid.org:saml2:metadata-extension:v2">
                <urn1:Parameter Name="filter" Value="entryUUID=${Username}"/>
                <urn1:Parameter Name="search_base" Value="dc=example,dc=com"/>
                <urn1:Parameter Name="search_scope" Value="SUBTREE_SCOPE"/>
                <urn1:Parameter Name="memberof_nested_group" Value="false"/>
            </urn1:AttributeSource>
            <urn1:TokenAuthorizationIssuanceCriteria xmlns:urn1="urn:sourceid.org:saml2:metadata-extension:v2"/>
        </urn:UserInfoMapping>
        <urn:scopeAttributesMap/>
        <urn:attributeContractInclusionMap/>
    </urn:ProviderPolicyGroup>
    <urn:ProviderPolicyGroup policyId="eBOBSOIDC" idTokenLife="5" includeSriInIdToken="true" includeUserInfoInIdToken="false" includeSHashInIdToken="true" returnIdTokenOnRefreshGrant="false" policyName="eBOBSOIDC" accessTokenManagerId="jwt">
        <urn:UserInfoMapping>
            <urn1:AttributeMap Name="object_codes" Type="Expression" Value="#ldapID=&quot;LDAP-D803C87FAB2ADFB4B0A947B64BA6F0C6093A5CA3&quot;,  #ldapReturnAttributes=&quot;o&quot;.split(&quot;x&quot;),  #ldapBase=&quot;ou=groups,ou=eBOBS,dc=example,dc=com&quot;,  #uid = #this.get(&quot;uid&quot;).toString(), #ldapSearchFilter=&quot;(&amp;(member=uid=&quot; + #uid + &quot;,ou=people,dc=example,dc=com)(o=*))&quot;,  #dataSourceManager = @org.sourceid.saml20.domain.mgmt.MgmtFactory@getDataSourceManager(),  #ldapDataSource = #dataSourceManager.getLdapDataSource(#ldapID),  #ldapResult = #ldapDataSource.getAttributesOfMatchingObjects(ldapBase,ldapSearchFilter,2,ldapReturnAttributes,0),  #i=0,  #result = new java.util.HashSet(),  #ldapResult.{    #objectCodeList = #ldapResult[#i].get(&quot;o&quot;).getValuesAsCollection(),   #j = 0,   #objectCodeList.{     #result.add(#objectCodeList[#j]),     #j=#j+1   },   #i=#i+1  },  new org.sourceid.saml20.adapter.attribute.AttributeValue(#result) " xmlns:urn1="urn:sourceid.org:saml2:metadata-extension:v2"/>
            <urn1:AttributeMap Name="sub" Type="Token" Value="Username" xmlns:urn1="urn:sourceid.org:saml2:metadata-extension:v2"/>
            <urn1:AttributeMap Name="ivgroups" Type="LDAP" AttributeSourceId="ldap" Value="isMemberOf" xmlns:urn1="urn:sourceid.org:saml2:metadata-extension:v2"/>
            <urn1:AttributeMap Name="nagmemberof" Type="LDAP" AttributeSourceId="ldap" Value="l" xmlns:urn1="urn:sourceid.org:saml2:metadata-extension:v2"/>
            <urn1:AttributeSource Id="ldap" Description="ldap" Type="LDAP" DataSourceId="LDAP-D803C87FAB2ADFB4B0A947B64BA6F0C6093A5CA3" xmlns:urn1="urn:sourceid.org:saml2:metadata-extension:v2">
                <urn1:Parameter Name="filter" Value="(|(entryUUID=${Username})(uid=${Username}))"/>
                <urn1:Parameter Name="search_base" Value="ou=people,dc=example,dc=com"/>
                <urn1:Parameter Name="search_scope" Value="SUBTREE_SCOPE"/>
                <urn1:Parameter Name="memberof_nested_group" Value="false"/>
            </urn1:AttributeSource>
            <urn1:TokenAuthorizationIssuanceCriteria xmlns:urn1="urn:sourceid.org:saml2:metadata-extension:v2"/>
        </urn:UserInfoMapping>
        <urn:scopeAttributesMap/>
        <urn:attributeContractInclusionMap>
            <urn:item>
                <urn:key>ivgroups</urn:key>
                <urn:value includeInIdToken="false" includeInUserInfo="true"/>
            </urn:item>
        </urn:attributeContractInclusionMap>
    </urn:ProviderPolicyGroup>
    <urn:ProviderPolicyGroup policyId="niwaOIDC" idTokenLife="5" includeSriInIdToken="true" includeUserInfoInIdToken="false" includeSHashInIdToken="true" returnIdTokenOnRefreshGrant="false" policyName="niwaOIDC" accessTokenManagerId="jwt">
        <urn:UserInfoMapping>
            <urn1:AttributeMap Name="acl_list" Type="Expression" Value="#ldapID=&quot;LDAP-D803C87FAB2ADFB4B0A947B64BA6F0C6093A5CA3&quot;,   #ldapReturnAttributes=&quot;o&quot;.split(&quot;x&quot;),   #ldapBase=&quot;ou=groups,ou=NIWA,dc=example,dc=com&quot;,   #uid = #this.get(&quot;uid&quot;).toString(),  #ldapSearchFilter=&quot;(&amp;(member=uid=&quot; + #uid + &quot;,ou=people,dc=example,dc=com)(o=*))&quot;,   #dataSourceManager = @org.sourceid.saml20.domain.mgmt.MgmtFactory@getDataSourceManager(),   #ldapDataSource = #dataSourceManager.getLdapDataSource(#ldapID),   #ldapResult = #ldapDataSource.getAttributesOfMatchingObjects(ldapBase,ldapSearchFilter,2,ldapReturnAttributes,0),   #i=0,   #result = new java.util.HashSet(),   #ldapResult.{     #resourceList = #ldapResult[#i].get(&quot;o&quot;).getValuesAsCollection(),     #j = 0,       #resourceList.{          #result.add(#resourceList[#j]),               #j=#j+1     },     #i=#i+1   },  new org.sourceid.saml20.adapter.attribute.AttributeValue(#result) " xmlns:urn1="urn:sourceid.org:saml2:metadata-extension:v2"/>
            <urn1:AttributeMap Name="sub" Type="Token" Value="Username" xmlns:urn1="urn:sourceid.org:saml2:metadata-extension:v2"/>
            <urn1:AttributeMap Name="ivgroups" Type="LDAP" AttributeSourceId="ldap" Value="isMemberOf" xmlns:urn1="urn:sourceid.org:saml2:metadata-extension:v2"/>
            <urn1:AttributeSource Id="ldap" Description="ldap" Type="LDAP" DataSourceId="LDAP-D803C87FAB2ADFB4B0A947B64BA6F0C6093A5CA3" xmlns:urn1="urn:sourceid.org:saml2:metadata-extension:v2">
                <urn1:Parameter Name="filter" Value="(|(entryUUID=${Username})(uid=${Username}))"/>
                <urn1:Parameter Name="search_base" Value="ou=people,dc=example,dc=com"/>
                <urn1:Parameter Name="search_scope" Value="SUBTREE_SCOPE"/>
                <urn1:Parameter Name="memberof_nested_group" Value="false"/>
            </urn1:AttributeSource>
            <urn1:TokenAuthorizationIssuanceCriteria xmlns:urn1="urn:sourceid.org:saml2:metadata-extension:v2"/>
        </urn:UserInfoMapping>
        <urn:scopeAttributesMap/>
        <urn:attributeContractInclusionMap>
            <urn:item>
                <urn:key>ivgroups</urn:key>
                <urn:value includeInIdToken="false" includeInUserInfo="true"/>
            </urn:item>
        </urn:attributeContractInclusionMap>
    </urn:ProviderPolicyGroup>
</urn:OpenIdConnectProviderPolicy>