<?xml version="1.0" encoding="UTF-8"?>
<urn:AuthnSelectionConfig lastModifiedMillis="1588052238362" enableAuthnSelection="true" enableSpAuthnSelection="true" failIfNoSelection="false" xmlns:urn="urn:pingidentity.com:pf:authn-selection">
    <urn:AuthnSelectionTrees>
        <urn:AuthnSelectionTree treeName="AAD Login - Require MFA" disabled="false" authnApiApp="">
            <urn:AstRoot context="">
                <urn:AstAction authnSelectorId="compositeMFASelector" xsi:type="urn:AuthnSelectorActionType" xmlns:xsi="http://www.w3.org/2001/XMLSchema-instance"/>
                <urn:AstChild context="FAIL">
                    <urn:AstAction noOpType="CONTINUE" xsi:type="urn:NoOpActionType" xmlns:xsi="http://www.w3.org/2001/XMLSchema-instance"/>
                </urn:AstChild>
                <urn:AstChild context="PASS">
                    <urn:AstAction xsi:type="urn:AuthnSourceActionType" xmlns:xsi="http://www.w3.org/2001/XMLSchema-instance">
                        <urn:AuthnSourceKey type="IDP_CONN">jFyCGhsl_2dTxnOtdlV6B_1LRTJ</urn:AuthnSourceKey>
                        <urn:fallbackToSuccess>true</urn:fallbackToSuccess>
                        <urn:attributeRule>
                            <urn:IncomingAttr>http://schemas.microsoft.com/claims/authnmethodsreferences</urn:IncomingAttr>
                            <urn:Operand>MULTIVALUE_CONTAINS</urn:Operand>
                            <urn:ExpectedValue>http://schemas.microsoft.com/claims/multipleauthn</urn:ExpectedValue>
                            <urn:Result>MFA_PERFORMED</urn:Result>
                        </urn:attributeRule>
                    </urn:AstAction>
                    <urn:AstChild context="Fail">
                        <urn:AstAction noOpType="DONE" xsi:type="urn:NoOpActionType" xmlns:xsi="http://www.w3.org/2001/XMLSchema-instance"/>
                    </urn:AstChild>
                    <urn:AstChild context="MFA_PERFORMED">
                        <urn:AstAction apcId="Zxp6N6W5PH9onACT" xsi:type="urn:ApcMappingActionType" xmlns:xsi="http://www.w3.org/2001/XMLSchema-instance">
                            <urn:AttributeMapping>
                                <urn1:AttributeMap Name="mail" Type="IdP Connection" AttributeSourceId="jFyCGhsl_2dTxnOtdlV6B_1LRTJ" Value="http://schemas.xmlsoap.org/ws/2005/05/identity/claims/name" xmlns:urn1="urn:sourceid.org:saml2:metadata-extension:v2"/>
                                <urn1:AttributeMap Name="subject" Type="IdP Connection" AttributeSourceId="jFyCGhsl_2dTxnOtdlV6B_1LRTJ" Value="http://schemas.xmlsoap.org/ws/2005/05/identity/claims/name" xmlns:urn1="urn:sourceid.org:saml2:metadata-extension:v2"/>
                                <urn1:AttributeMap Name="givenName" Type="IdP Connection" AttributeSourceId="jFyCGhsl_2dTxnOtdlV6B_1LRTJ" Value="http://schemas.xmlsoap.org/ws/2005/05/identity/claims/givenname" xmlns:urn1="urn:sourceid.org:saml2:metadata-extension:v2"/>
                                <urn1:AttributeMap Name="SAML_AUTHN_CTX" Type="Text" Value="2FA" xmlns:urn1="urn:sourceid.org:saml2:metadata-extension:v2"/>
                                <urn1:AttributeMap Name="isMemberOf" Type="LDAP" AttributeSourceId="ldap" Value="isMemberOf" xmlns:urn1="urn:sourceid.org:saml2:metadata-extension:v2"/>
                                <urn1:AttributeMap Name="sn" Type="IdP Connection" AttributeSourceId="jFyCGhsl_2dTxnOtdlV6B_1LRTJ" Value="http://schemas.xmlsoap.org/ws/2005/05/identity/claims/surname" xmlns:urn1="urn:sourceid.org:saml2:metadata-extension:v2"/>
                                <urn1:AttributeMap Name="username" Type="IdP Connection" AttributeSourceId="jFyCGhsl_2dTxnOtdlV6B_1LRTJ" Value="http://schemas.xmlsoap.org/ws/2005/05/identity/claims/name" xmlns:urn1="urn:sourceid.org:saml2:metadata-extension:v2"/>
                                <urn1:AttributeSource Id="ldap" Description="ldap" Type="LDAP" DataSourceId="LDAP-D803C87FAB2ADFB4B0A947B64BA6F0C6093A5CA3" xmlns:urn1="urn:sourceid.org:saml2:metadata-extension:v2">
                                    <urn1:Parameter Name="filter" Value="uid=${idp.https://sts.windows.net/312bc45a-ddae-4f43-96f6-58d82c7c6861/.http://schemas.xmlsoap.org/ws/2005/05/identity/claims/name}"/>
                                    <urn1:Parameter Name="search_base" Value="ou=people,dc=example,dc=com"/>
                                    <urn1:Parameter Name="search_scope" Value="SUBTREE_SCOPE"/>
                                    <urn1:Parameter Name="memberof_nested_group" Value="false"/>
                                </urn1:AttributeSource>
                                <urn1:TokenAuthorizationIssuanceCriteria xmlns:urn1="urn:sourceid.org:saml2:metadata-extension:v2"/>
                            </urn:AttributeMapping>
                        </urn:AstAction>
                    </urn:AstChild>
                    <urn:AstChild context="Success">
                        <urn:AstAction xsi:type="urn:AuthnSourceActionType" xmlns:xsi="http://www.w3.org/2001/XMLSchema-instance">
                            <urn:AuthnSourceKey type="ADAPTER">pingIDAdapter</urn:AuthnSourceKey>
                            <urn:fallbackToSuccess>true</urn:fallbackToSuccess>
                            <urn:InputIdMapping Type="IdP Connection" AttributeSourceId="jFyCGhsl_2dTxnOtdlV6B_1LRTJ" Value="http://schemas.xmlsoap.org/ws/2005/05/identity/claims/name"/>
                        </urn:AstAction>
                        <urn:AstChild context="Fail">
                            <urn:AstAction noOpType="DONE" xsi:type="urn:NoOpActionType" xmlns:xsi="http://www.w3.org/2001/XMLSchema-instance"/>
                        </urn:AstChild>
                        <urn:AstChild context="Success">
                            <urn:AstAction apcId="Zxp6N6W5PH9onACT" xsi:type="urn:ApcMappingActionType" xmlns:xsi="http://www.w3.org/2001/XMLSchema-instance">
                                <urn:AttributeMapping>
                                    <urn1:AttributeMap Name="mail" Type="IdP Connection" AttributeSourceId="jFyCGhsl_2dTxnOtdlV6B_1LRTJ" Value="http://schemas.xmlsoap.org/ws/2005/05/identity/claims/name" xmlns:urn1="urn:sourceid.org:saml2:metadata-extension:v2"/>
                                    <urn1:AttributeMap Name="subject" Type="IdP Connection" AttributeSourceId="jFyCGhsl_2dTxnOtdlV6B_1LRTJ" Value="http://schemas.xmlsoap.org/ws/2005/05/identity/claims/name" xmlns:urn1="urn:sourceid.org:saml2:metadata-extension:v2"/>
                                    <urn1:AttributeMap Name="givenName" Type="IdP Connection" AttributeSourceId="jFyCGhsl_2dTxnOtdlV6B_1LRTJ" Value="http://schemas.xmlsoap.org/ws/2005/05/identity/claims/givenname" xmlns:urn1="urn:sourceid.org:saml2:metadata-extension:v2"/>
                                    <urn1:AttributeMap Name="SAML_AUTHN_CTX" Type="Text" Value="2FA" xmlns:urn1="urn:sourceid.org:saml2:metadata-extension:v2"/>
                                    <urn1:AttributeMap Name="isMemberOf" Type="LDAP" AttributeSourceId="ldap" Value="isMemberOf" xmlns:urn1="urn:sourceid.org:saml2:metadata-extension:v2"/>
                                    <urn1:AttributeMap Name="sn" Type="IdP Connection" AttributeSourceId="jFyCGhsl_2dTxnOtdlV6B_1LRTJ" Value="http://schemas.xmlsoap.org/ws/2005/05/identity/claims/surname" xmlns:urn1="urn:sourceid.org:saml2:metadata-extension:v2"/>
                                    <urn1:AttributeMap Name="username" Type="IdP Connection" AttributeSourceId="jFyCGhsl_2dTxnOtdlV6B_1LRTJ" Value="http://schemas.xmlsoap.org/ws/2005/05/identity/claims/name" xmlns:urn1="urn:sourceid.org:saml2:metadata-extension:v2"/>
                                    <urn1:AttributeSource Id="ldap" Description="ldap" Type="LDAP" DataSourceId="LDAP-D803C87FAB2ADFB4B0A947B64BA6F0C6093A5CA3" xmlns:urn1="urn:sourceid.org:saml2:metadata-extension:v2">
                                        <urn1:Parameter Name="filter" Value="uid=${idp.https://sts.windows.net/312bc45a-ddae-4f43-96f6-58d82c7c6861/.http://schemas.xmlsoap.org/ws/2005/05/identity/claims/name}"/>
                                        <urn1:Parameter Name="search_base" Value="ou=people,dc=example,dc=com"/>
                                        <urn1:Parameter Name="search_scope" Value="SUBTREE_SCOPE"/>
                                        <urn1:Parameter Name="memberof_nested_group" Value="false"/>
                                    </urn1:AttributeSource>
                                    <urn1:TokenAuthorizationIssuanceCriteria xmlns:urn1="urn:sourceid.org:saml2:metadata-extension:v2"/>
                                </urn:AttributeMapping>
                            </urn:AstAction>
                        </urn:AstChild>
                    </urn:AstChild>
                </urn:AstChild>
            </urn:AstRoot>
        </urn:AuthnSelectionTree>
        <urn:AuthnSelectionTree treeName="AAD Login" disabled="false" authnApiApp="">
            <urn:AstRoot context="">
                <urn:AstAction xsi:type="urn:AuthnSourceActionType" xmlns:xsi="http://www.w3.org/2001/XMLSchema-instance">
                    <urn:AuthnSourceKey type="IDP_CONN">jFyCGhsl_2dTxnOtdlV6B_1LRTJ</urn:AuthnSourceKey>
                    <urn:fallbackToSuccess>true</urn:fallbackToSuccess>
                </urn:AstAction>
                <urn:AstChild context="Fail">
                    <urn:AstAction noOpType="DONE" xsi:type="urn:NoOpActionType" xmlns:xsi="http://www.w3.org/2001/XMLSchema-instance"/>
                </urn:AstChild>
                <urn:AstChild context="Success">
                    <urn:AstAction apcId="Zxp6N6W5PH9onACT" xsi:type="urn:ApcMappingActionType" xmlns:xsi="http://www.w3.org/2001/XMLSchema-instance">
                        <urn:AttributeMapping>
                            <urn1:AttributeMap Name="mail" Type="IdP Connection" AttributeSourceId="jFyCGhsl_2dTxnOtdlV6B_1LRTJ" Value="http://schemas.xmlsoap.org/ws/2005/05/identity/claims/name" xmlns:urn1="urn:sourceid.org:saml2:metadata-extension:v2"/>
                            <urn1:AttributeMap Name="subject" Type="LDAP" AttributeSourceId="ldap" Value="entryUUID" xmlns:urn1="urn:sourceid.org:saml2:metadata-extension:v2"/>
                            <urn1:AttributeMap Name="givenName" Type="IdP Connection" AttributeSourceId="jFyCGhsl_2dTxnOtdlV6B_1LRTJ" Value="http://schemas.xmlsoap.org/ws/2005/05/identity/claims/givenname" xmlns:urn1="urn:sourceid.org:saml2:metadata-extension:v2"/>
                            <urn1:AttributeMap Name="SAML_AUTHN_CTX" Type="Text" Value="1FA" xmlns:urn1="urn:sourceid.org:saml2:metadata-extension:v2"/>
                            <urn1:AttributeMap Name="isMemberOf" Type="LDAP" AttributeSourceId="ldap" Value="isMemberOf" xmlns:urn1="urn:sourceid.org:saml2:metadata-extension:v2"/>
                            <urn1:AttributeMap Name="sn" Type="IdP Connection" AttributeSourceId="jFyCGhsl_2dTxnOtdlV6B_1LRTJ" Value="http://schemas.xmlsoap.org/ws/2005/05/identity/claims/surname" xmlns:urn1="urn:sourceid.org:saml2:metadata-extension:v2"/>
                            <urn1:AttributeMap Name="username" Type="IdP Connection" AttributeSourceId="jFyCGhsl_2dTxnOtdlV6B_1LRTJ" Value="http://schemas.xmlsoap.org/ws/2005/05/identity/claims/name" xmlns:urn1="urn:sourceid.org:saml2:metadata-extension:v2"/>
                            <urn1:AttributeSource Id="ldap" Description="ldap" Type="LDAP" DataSourceId="LDAP-D803C87FAB2ADFB4B0A947B64BA6F0C6093A5CA3" xmlns:urn1="urn:sourceid.org:saml2:metadata-extension:v2">
                                <urn1:Parameter Name="filter" Value="uid=${idp.https://sts.windows.net/312bc45a-ddae-4f43-96f6-58d82c7c6861/.http://schemas.xmlsoap.org/ws/2005/05/identity/claims/name}"/>
                                <urn1:Parameter Name="search_base" Value="ou=people,dc=example,dc=com"/>
                                <urn1:Parameter Name="search_scope" Value="SUBTREE_SCOPE"/>
                                <urn1:Parameter Name="memberof_nested_group" Value="false"/>
                            </urn1:AttributeSource>
                            <urn1:TokenAuthorizationIssuanceCriteria xmlns:urn1="urn:sourceid.org:saml2:metadata-extension:v2"/>
                        </urn:AttributeMapping>
                    </urn:AstAction>
                </urn:AstChild>
            </urn:AstRoot>
        </urn:AuthnSelectionTree>
        <urn:AuthnSelectionTree treeName="Internal SAML Applications" disabled="false" authnApiApp="">
            <urn:AstRoot context="">
                <urn:AstAction xsi:type="urn:AuthnSourceActionType" xmlns:xsi="http://www.w3.org/2001/XMLSchema-instance">
                    <urn:AuthnSourceKey type="IDP_CONN">IKC7q22q897dx4j9sEMLoE8fWOj</urn:AuthnSourceKey>
                    <urn:fallbackToSuccess>true</urn:fallbackToSuccess>
                </urn:AstAction>
                <urn:AstChild context="Fail">
                    <urn:AstAction noOpType="DONE" xsi:type="urn:NoOpActionType" xmlns:xsi="http://www.w3.org/2001/XMLSchema-instance"/>
                </urn:AstChild>
                <urn:AstChild context="Success">
                    <urn:AstAction apcId="G9RvwVCMTHY5gVVi" xsi:type="urn:ApcMappingActionType" xmlns:xsi="http://www.w3.org/2001/XMLSchema-instance">
                        <urn:AttributeMapping>
                            <urn1:AttributeMap Name="firstName" Type="IdP Connection" AttributeSourceId="IKC7q22q897dx4j9sEMLoE8fWOj" Value="firstName" xmlns:urn1="urn:sourceid.org:saml2:metadata-extension:v2"/>
                            <urn1:AttributeMap Name="lastName" Type="IdP Connection" AttributeSourceId="IKC7q22q897dx4j9sEMLoE8fWOj" Value="lastName" xmlns:urn1="urn:sourceid.org:saml2:metadata-extension:v2"/>
                            <urn1:AttributeMap Name="subject" Type="IdP Connection" AttributeSourceId="IKC7q22q897dx4j9sEMLoE8fWOj" Value="SAML_SUBJECT" xmlns:urn1="urn:sourceid.org:saml2:metadata-extension:v2"/>
                            <urn1:AttributeMap Name="groups" Type="IdP Connection" AttributeSourceId="IKC7q22q897dx4j9sEMLoE8fWOj" Value="groups" xmlns:urn1="urn:sourceid.org:saml2:metadata-extension:v2"/>
                            <urn1:TokenAuthorizationIssuanceCriteria xmlns:urn1="urn:sourceid.org:saml2:metadata-extension:v2"/>
                        </urn:AttributeMapping>
                    </urn:AstAction>
                </urn:AstChild>
            </urn:AstRoot>
        </urn:AuthnSelectionTree>
        <urn:AuthnSelectionTree treeName="MFA Authentication" disabled="false" authnApiApp="">
            <urn:AstRoot context="">
                <urn:AstAction authnSelectorId="compositeMFASelector" xsi:type="urn:AuthnSelectorActionType" xmlns:xsi="http://www.w3.org/2001/XMLSchema-instance"/>
                <urn:AstChild context="FAIL">
                    <urn:AstAction noOpType="CONTINUE" xsi:type="urn:NoOpActionType" xmlns:xsi="http://www.w3.org/2001/XMLSchema-instance"/>
                </urn:AstChild>
                <urn:AstChild context="PASS">
                    <urn:AstAction xsi:type="urn:AuthnSourceActionType" xmlns:xsi="http://www.w3.org/2001/XMLSchema-instance">
                        <urn:AuthnSourceKey type="ADAPTER">HTMLFormPD</urn:AuthnSourceKey>
                        <urn:fallbackToSuccess>true</urn:fallbackToSuccess>
                    </urn:AstAction>
                    <urn:AstChild context="Fail">
                        <urn:AstAction noOpType="DONE" xsi:type="urn:NoOpActionType" xmlns:xsi="http://www.w3.org/2001/XMLSchema-instance"/>
                    </urn:AstChild>
                    <urn:AstChild context="Success">
                        <urn:AstAction xsi:type="urn:AuthnSourceActionType" xmlns:xsi="http://www.w3.org/2001/XMLSchema-instance">
                            <urn:AuthnSourceKey type="ADAPTER">pingIDAdapter</urn:AuthnSourceKey>
                            <urn:fallbackToSuccess>true</urn:fallbackToSuccess>
                            <urn:InputIdMapping Type="Adapter" AttributeSourceId="HTMLFormPD" Value="username"/>
                        </urn:AstAction>
                        <urn:AstChild context="Fail">
                            <urn:AstAction noOpType="DONE" xsi:type="urn:NoOpActionType" xmlns:xsi="http://www.w3.org/2001/XMLSchema-instance"/>
                        </urn:AstChild>
                        <urn:AstChild context="Success">
                            <urn:AstAction lipId="RBSQIwi5KWYN9ZGK" xsi:type="urn:LocalIdentityMappingActionType" xmlns:xsi="http://www.w3.org/2001/XMLSchema-instance">
                                <urn:InboundAttributeMapping>
                                    <urn1:AttributeMap Name="pf.local.identity.unique.id" Type="Adapter" AttributeSourceId="HTMLFormPD" Value="username" xmlns:urn1="urn:sourceid.org:saml2:metadata-extension:v2"/>
                                    <urn1:TokenAuthorizationIssuanceCriteria xmlns:urn1="urn:sourceid.org:saml2:metadata-extension:v2"/>
                                </urn:InboundAttributeMapping>
                                <urn:OutboundAttributeMapping>
                                    <urn1:AttributeMap Name="mail" Type="Local Account" AttributeSourceId="RBSQIwi5KWYN9ZGK" Value="mail" xmlns:urn1="urn:sourceid.org:saml2:metadata-extension:v2"/>
                                    <urn1:AttributeMap Name="subject" Type="Local Account" AttributeSourceId="RBSQIwi5KWYN9ZGK" Value="entryUUID" xmlns:urn1="urn:sourceid.org:saml2:metadata-extension:v2"/>
                                    <urn1:AttributeMap Name="givenName" Type="Adapter" AttributeSourceId="HTMLFormPD" Value="givenName" xmlns:urn1="urn:sourceid.org:saml2:metadata-extension:v2"/>
                                    <urn1:AttributeMap Name="SAML_AUTHN_CTX" Type="Text" Value="2FA" xmlns:urn1="urn:sourceid.org:saml2:metadata-extension:v2"/>
                                    <urn1:AttributeMap Name="isMemberOf" Type="Adapter" AttributeSourceId="HTMLFormPD" Value="isMemberOf" xmlns:urn1="urn:sourceid.org:saml2:metadata-extension:v2"/>
                                    <urn1:AttributeMap Name="sn" Type="Local Account" AttributeSourceId="RBSQIwi5KWYN9ZGK" Value="sn" xmlns:urn1="urn:sourceid.org:saml2:metadata-extension:v2"/>
                                    <urn1:AttributeMap Name="username" Type="Local Account" AttributeSourceId="RBSQIwi5KWYN9ZGK" Value="uid" xmlns:urn1="urn:sourceid.org:saml2:metadata-extension:v2"/>
                                    <urn1:TokenAuthorizationIssuanceCriteria xmlns:urn1="urn:sourceid.org:saml2:metadata-extension:v2"/>
                                </urn:OutboundAttributeMapping>
                            </urn:AstAction>
                        </urn:AstChild>
                    </urn:AstChild>
                </urn:AstChild>
            </urn:AstRoot>
        </urn:AuthnSelectionTree>
        <urn:AuthnSelectionTree treeName="Default AuthN Policy" disabled="false" authnApiApp="">
            <urn:AstRoot context="">
                <urn:AstAction xsi:type="urn:AuthnSourceActionType" xmlns:xsi="http://www.w3.org/2001/XMLSchema-instance">
                    <urn:AuthnSourceKey type="ADAPTER">HTMLFormPD</urn:AuthnSourceKey>
                    <urn:fallbackToSuccess>true</urn:fallbackToSuccess>
                </urn:AstAction>
                <urn:AstChild context="Fail">
                    <urn:AstAction noOpType="DONE" xsi:type="urn:NoOpActionType" xmlns:xsi="http://www.w3.org/2001/XMLSchema-instance"/>
                </urn:AstChild>
                <urn:AstChild context="Success">
                    <urn:AstAction lipId="RBSQIwi5KWYN9ZGK" xsi:type="urn:LocalIdentityMappingActionType" xmlns:xsi="http://www.w3.org/2001/XMLSchema-instance">
                        <urn:InboundAttributeMapping>
                            <urn1:AttributeMap Name="pf.local.identity.unique.id" Type="Adapter" AttributeSourceId="HTMLFormPD" Value="username" xmlns:urn1="urn:sourceid.org:saml2:metadata-extension:v2"/>
                            <urn1:TokenAuthorizationIssuanceCriteria xmlns:urn1="urn:sourceid.org:saml2:metadata-extension:v2"/>
                        </urn:InboundAttributeMapping>
                        <urn:OutboundAttributeMapping>
                            <urn1:AttributeMap Name="mail" Type="Local Account" AttributeSourceId="RBSQIwi5KWYN9ZGK" Value="mail" xmlns:urn1="urn:sourceid.org:saml2:metadata-extension:v2"/>
                            <urn1:AttributeMap Name="subject" Type="Local Account" AttributeSourceId="RBSQIwi5KWYN9ZGK" Value="entryUUID" xmlns:urn1="urn:sourceid.org:saml2:metadata-extension:v2"/>
                            <urn1:AttributeMap Name="givenName" Type="Adapter" AttributeSourceId="HTMLFormPD" Value="givenName" xmlns:urn1="urn:sourceid.org:saml2:metadata-extension:v2"/>
                            <urn1:AttributeMap Name="SAML_AUTHN_CTX" Type="Text" Value="1FA" xmlns:urn1="urn:sourceid.org:saml2:metadata-extension:v2"/>
                            <urn1:AttributeMap Name="isMemberOf" Type="Adapter" AttributeSourceId="HTMLFormPD" Value="isMemberOf" xmlns:urn1="urn:sourceid.org:saml2:metadata-extension:v2"/>
                            <urn1:AttributeMap Name="sn" Type="Adapter" AttributeSourceId="HTMLFormPD" Value="sn" xmlns:urn1="urn:sourceid.org:saml2:metadata-extension:v2"/>
                            <urn1:AttributeMap Name="username" Type="Local Account" AttributeSourceId="RBSQIwi5KWYN9ZGK" Value="uid" xmlns:urn1="urn:sourceid.org:saml2:metadata-extension:v2"/>
                            <urn1:TokenAuthorizationIssuanceCriteria xmlns:urn1="urn:sourceid.org:saml2:metadata-extension:v2"/>
                        </urn:OutboundAttributeMapping>
                    </urn:AstAction>
                </urn:AstChild>
            </urn:AstRoot>
        </urn:AuthnSelectionTree>
    </urn:AuthnSelectionTrees>
    <urn:DefaultAuthnSources/>
</urn:AuthnSelectionConfig>