<?xml version="1.0" encoding="UTF-8"?>
<urn:PluginConfiguration isInheritExtendedContractAttributes="false" name="cdrAURegister" xmlns:urn="urn:sourceid.org:saml2:adapter:conf">
    <urn:Fields>
        <urn:Field name="PingFederate Base URL">https://localhost:9031</urn:Field>
        <urn:Field name="Org ID Claim Name">org_id</urn:Field>
        <urn:Field name="Issuer">cdr-register</urn:Field>
        <urn:Field name="JWKS URL">https://pki-data61.pingapac.com/registration/JWKS</urn:Field>
        <urn:Field name="Audience">https://bendigo</urn:Field>
        <urn:Field name="ECDSA">true</urn:Field>
        <urn:Field name="RSA-PSS">true</urn:Field>
        <urn:Field name="RSA">false</urn:Field>
        <urn:Field name="Revoked JWKS validation">true</urn:Field>
    </urn:Fields>
    <urn:AdvancedFields>
        <urn:Field name="Revoked JWKS validation">true</urn:Field>
    </urn:AdvancedFields>
    <urn:Tables/>
</urn:PluginConfiguration>