<?xml version="1.0" encoding="UTF-8"?>
<urn:AdapterConfiguration authnCtxClassRef="" isInheritAttributeSettings="false" isInheritAttributeMapping="false" maskOgnlValues="false" isInheritExtendedContractAttributes="false" name="SMSAdapter" xmlns:urn="urn:sourceid.org:saml2:adapter:conf">
    <urn:Fields>
        <urn:Field name="Allowed Attempts">3</urn:Field>
        <urn:Field name="API KEY">eyJhbGciOiJkaXIiLCJlbmMiOiJBMTI4Q0JDLUhTMjU2Iiwia2lkIjoiRW1JY1UxOVdueSIsInZlcnNpb24iOiIxMC4wLjAuMTUifQ..KUb_GnsgSsCKaiR3gFZRWQ.Wuz2mM5EYVzutu3KTGrXjA.Rtm5WOtk_a9UyxixlzrdDw</urn:Field>
	<urn:Field name="Allow dummy code">true</urn:Field>
    </urn:Fields>
    <urn:AdvancedFields>
	<urn:Field name="Allow dummy code">true</urn:Field>
    </urn:AdvancedFields>
    <urn:Tables/>
    <urn:ExtendedContractAttributes/>
    <urn:UniqueKeyField>smsUsername</urn:UniqueKeyField>
    <urn:AttributeMapping>
        <urn1:AttributeMap Name="smsUsername" Type="Adapter" Value="smsUsername" xmlns:urn1="urn:sourceid.org:saml2:metadata-extension:v2"/>
        <urn1:TokenAuthorizationIssuanceCriteria xmlns:urn1="urn:sourceid.org:saml2:metadata-extension:v2"/>
    </urn:AttributeMapping>
</urn:AdapterConfiguration>
