<?xml version="1.0" encoding="UTF-8"?>
<con:config xmlns:con="http://www.sourceid.org/2004/05/config">
    <con:map name="adapter-selectors">
        <con:item name="paStepUpSelector">com.pingidentity.pf.selectors.saml.SamlAuthnContextAdapterSelector</con:item>
        <con:item name="mfaApplicationSelector">com.pingidentity.pf.selectors.ExtendedPropertyAuthnSelector</con:item>
        <con:item name="compositeMFASelector">com.pingidentity.selector.CompositeSelector</con:item>
    </con:map>
</con:config>