<?xml version="1.0" encoding="UTF-8"?>
<con:config xmlns:con="http://www.sourceid.org/2004/05/config">
    <con:map name="docker"/>
    <con:map name="https://httpbin.org"/>
    <con:map name="http://pingone.com/844fd6c9-377a-4e82-8497-7b4fd41f5e69"/>
    <con:map name="PingConnect"/>
    <con:map name="docker-ref"/>
    <con:map name="internal-saml-app"/>
    <con:map name="https://saml.salesforce.com"/>
    <con:map name="https://sts.windows.net/312bc45a-ddae-4f43-96f6-58d82c7c6861/"/>
    <con:map name="PasswordVault"/>
</con:config>