<?xml version="1.0" encoding="UTF-8"?>
<con:config xmlns:con="http://www.sourceid.org/2004/05/config">
    <con:item name="1539243:WARN">2020-01-15</con:item>
    <con:item name="1556493:WARN">2020-01-21</con:item>
    <con:item name="1556494:WARN">2020-01-30</con:item>
    <con:item name="1573536:WARN">2020-02-15</con:item>
    <con:item name="1573529:WARN">2020-02-15</con:item>
    <con:item name="1590212:WARN">2020-03-01</con:item>
    <con:item name="1590221:WARN">2020-02-24</con:item>
    <con:item name="1606999:WARN">2020-03-24</con:item>
    <con:item name="7a8e4111359be52a29f67ae45d62667d:N/A:EXPIRED">7a8e4111359be52a29f67ae45d62667d:N/A:EXPIRED</con:item>
    <con:item name="7a8e4111359be52a29f67ae45d62667d:N/A:FINAL_WARN">7a8e4111359be52a29f67ae45d62667d:N/A:FINAL_WARN</con:item>
    <con:item name="7a8e4111359be52a29f67ae45d62667d:N/A:INITIAL_WARN">7a8e4111359be52a29f67ae45d62667d:N/A:INITIAL_WARN</con:item>
    <con:item name="1674039:WARN">2020-05-03</con:item>
    <con:item name="1679092:WARN">2020-05-04</con:item>
</con:config>