<?xml version="1.0" encoding="UTF-8"?>
<con:config xmlns:con="http://www.sourceid.org/2004/05/config">
    <con:map name="password-credential-validators">
        <con:item name="pingdirectory">org.sourceid.saml20.domain.LDAPUsernamePasswordCredentialValidator</con:item>
        <con:item name="simple">org.sourceid.saml20.domain.SimpleUsernamePasswordCredentialValidator</con:item>
        <con:item name="PingOneSimplePCV">org.sourceid.saml20.domain.SimpleUsernamePasswordCredentialValidator</con:item>
    </con:map>
    <con:map name="password-credential-validators-parents"/>
</con:config>